{
  "0x3": -7.375000001193547e-11, 
  "0x2": -6.375000001208295e-11, 
  "0x1": 1.2499999880172247e-12, 
  "1x2": -6.625000001204608e-11, 
  "1x3": -7.5000000012022915e-11, 
  "2x3": -1.0000000012346256e-11, 
  "metadata": {
    "created": "2015-12-30T13:30:31.877577"
  }
}