{
  "0x3": -6.2499999990607924e-11, 
  "0x2": -6.2499999990607924e-11, 
  "0x1": 9.3967717586023944e-21, 
  "1x2": -6.2499999990607924e-11, 
  "1x3": -6.2499999990607924e-11, 
  "2x3": 1.2500000009397711e-11, 
  "metadata": {
    "created": "2015-12-24T14:30:36.192222"
  }
}