{
  "02": -9.9999999990610741e-11, 
  "03": 7.5000000009428876e-11, 
  "13": 5.0000000009400528e-11, 
  "12": -1.2499999999061262e-10, 
  "23": 1.7500000000940992e-10, 
  "01": 2.500000000939865e-11, 
  "metadata": {
    "created": "2015-12-17T16:35:22.055716"
  }
}