{
  "0x3": 3.4999999987837119e-11, 
  "0x2": -7.7500000011986045e-11, 
  "0x1": -2.1250000012074463e-11, 
  "1x2": -5.625000001219356e-11, 
  "1x3": 5.7499999987717048e-11, 
  "2x3": 1.1374999998805215e-10, 
  "metadata": {
    "created": "2016-01-14T20:40:42.965923"
  }
}