{
  "0x3": 4.7499999987864528e-11, 
  "0x2": -1.112500000120177e-10, 
  "0x1": -2.0000000011987019e-11, 
  "1x2": -9.1250000012100898e-11, 
  "1x3": 6.7499999987993085e-11, 
  "2x3": 1.5874999998781201e-10, 
  "metadata": {
    "created": "2015-12-30T12:28:21.292627"
  }
}